symbol,date,detected_by,price_ratio,day_volume_x,next20_volume_x,note
CGCL,2024-01-01,threshold,0.2517,1.34,15.17,Move beyond +/-40% with no rebound; auto_adjust missed the corporate action.
GPIL,2024-01-01,threshold,0.205,8.88,4.09,Bonus issue that auto_adjust missed.
MOTILALOFS,2024-01-01,threshold,0.2539,2.49,5.42,Move beyond +/-40% with no rebound; auto_adjust missed the corporate action.
CONCOR,2025-01-01,volume audit,0.7912,0.62,1.39,"-21% on 0.6x normal volume with no rebound, then volume ~1.4x higher for weeks: the signature of a bonus issue (price x0.79 sits on the 4/5 a 1:4 bonus gives), not of a crash. Verify against NSE announcements."
ABFRL,2025-05-22,threshold,0.3341,16.56,4.62,Move beyond +/-40% with no rebound; auto_adjust missed the corporate action.
BRIGADE,2025-06-16,volume audit,0.754,0.82,1.03,"-25% gap at the open on 0.8x normal volume with no rebound and no lasting volume change: a re-basing, cause unconfirmed. Verify against NSE announcements."
ZFCVINDIA,2025-06-16,threshold,0.1655,12.85,5.59,Split that auto_adjust missed.
TMPV,2025-10-14,threshold,0.5985,4.3,0.73,Move beyond +/-40% with no rebound; auto_adjust missed the corporate action.
TRENT,2026-01-01,volume audit,0.6695,0.88,2.12,"-33% on 0.9x normal volume with no rebound, then volume ~2x higher for weeks: the signature of a bonus issue (price x0.67 sits on the 2/3 a 1:2 bonus gives), not of a crash. Verify against NSE announcements."
VEDL,2026-04-30,threshold,0.351,4.69,2.15,Demerger that auto_adjust missed.
