symbol,first_date,last_date,bars,full_history
360ONE,2022-01-03,2026-09-28,1167,True
3MINDIA,2022-01-03,2026-09-28,1168,True
AADHARHFC,2024-05-15,2026-09-28,586,False
AARTIIND,2022-01-03,2026-09-28,1168,True
AAVAS,2022-01-03,2026-09-28,1168,True
ABB,2022-01-03,2026-09-28,1168,True
ABBOTINDIA,2022-01-03,2026-09-28,1168,True
ABCAPITAL,2022-01-03,2026-09-28,1168,True
ABDL,2024-07-02,2026-09-28,554,False
ABFRL,2022-01-03,2026-09-28,1168,True
ABLBL,2025-06-24,2026-09-28,312,False
ABREL,2022-01-03,2026-09-28,1168,True
ABSLAMC,2022-01-03,2026-09-28,1167,True
ACC,2022-01-03,2026-09-28,1168,True
ACE,2022-01-03,2026-09-28,1168,True
ACMESOLAR,2024-11-13,2026-09-28,461,False
ACUTAAS,2022-01-03,2026-09-28,1166,True
ADANIENSOL,2022-01-03,2026-09-28,1167,True
ADANIENT,2022-01-03,2026-09-28,1168,True
ADANIGREEN,2022-01-03,2026-09-28,1168,True
ADANIPORTS,2022-01-03,2026-09-28,1168,True
ADANIPOWER,2022-01-03,2026-09-28,1168,True
AEGISLOG,2022-01-03,2026-09-28,1166,True
AEGISVOPAK,2025-06-16,2026-09-28,318,False
AFCONS,2024-11-04,2026-09-28,468,False
AFFLE,2022-01-03,2026-09-28,1168,True
AIAENG,2022-01-03,2026-09-28,1168,True
AIIL,2024-04-23,2026-09-28,601,False
AJANTPHARM,2022-01-03,2026-09-28,1168,True
ALKEM,2022-01-03,2026-09-28,1168,True
AMBER,2022-01-03,2026-09-28,1168,True
AMBUJACEM,2022-01-03,2026-09-28,1168,True
ANANDRATHI,2022-01-03,2026-09-28,1167,True
ANANTRAJ,2022-01-03,2026-09-28,1168,True
ANGELONE,2022-01-03,2026-09-28,1167,True
ANTHEM,2025-07-21,2026-09-28,293,False
ANURAS,2022-01-03,2026-09-28,1167,True
APARINDS,2022-01-03,2026-09-28,1168,True
APLAPOLLO,2022-01-03,2026-09-28,1168,True
APOLLOHOSP,2022-01-03,2026-09-28,1168,True
APOLLOTYRE,2022-01-03,2026-09-28,1168,True
APTUS,2022-01-03,2026-09-28,1167,True
ARE&M,2022-01-03,2026-09-28,1165,True
ASAHIINDIA,2022-01-03,2026-09-28,1168,True
ASHOKLEY,2022-01-03,2026-09-28,1168,True
ASIANPAINT,2022-01-03,2026-09-28,1168,True
ASTERDM,2022-01-03,2026-09-28,1168,True
ASTRAL,2022-01-03,2026-09-28,1168,True
ATGL,2022-01-03,2026-09-28,1167,True
ATHERENERG,2025-06-16,2026-09-28,318,False
ATUL,2022-01-03,2026-09-28,1168,True
AUBANK,2022-01-03,2026-09-28,1168,True
AUROPHARMA,2022-01-03,2026-09-28,1168,True
AWL,2022-02-08,2026-09-28,1142,True
AXISBANK,2022-01-03,2026-09-28,1168,True
BAJAJ-AUTO,2022-01-03,2026-09-28,1167,True
BAJAJFINSV,2022-01-03,2026-09-28,1168,True
BAJAJHFL,2024-09-16,2026-09-28,502,False
BAJAJHLDNG,2022-01-03,2026-09-28,1168,True
BAJFINANCE,2022-01-03,2026-09-28,1168,True
BALKRISIND,2022-01-03,2026-09-28,1168,True
BALRAMCHIN,2022-01-03,2026-09-28,1168,True
BANDHANBNK,2022-01-03,2026-09-28,1168,True
BANKBARODA,2022-01-03,2026-09-28,1168,True
BANKINDIA,2022-01-03,2026-09-28,1168,True
BATAINDIA,2022-01-03,2026-09-28,1168,True
BAYERCROP,2022-01-03,2026-09-28,1168,True
BBTC,2022-01-03,2026-09-28,1168,True
BDL,2022-01-03,2026-09-28,1168,True
BEL,2022-01-03,2026-09-28,1168,True
BELRISE,2025-06-16,2026-09-28,318,False
BEML,2022-01-03,2026-09-28,1168,True
BERGEPAINT,2022-01-03,2026-09-28,1168,True
BHARATFORG,2022-01-03,2026-09-28,1168,True
BHARTIARTL,2022-01-03,2026-09-28,1168,True
BHARTIHEXA,2024-04-12,2026-09-28,607,False
BHEL,2022-01-03,2026-09-28,1168,True
BIKAJI,2022-11-16,2026-09-28,952,False
BIOCON,2022-01-03,2026-09-28,1168,True
BLS,2022-01-03,2026-09-28,1168,True
BLUEDART,2022-01-03,2026-09-28,1168,True
BLUEJET,2023-11-01,2026-09-28,714,False
BLUESTARCO,2022-01-03,2026-09-28,1168,True
BOSCHLTD,2022-01-03,2026-09-28,1168,True
BPCL,2022-01-03,2026-09-28,1168,True
BRIGADE,2022-01-03,2026-09-28,1168,True
BRITANNIA,2022-01-03,2026-09-28,1166,True
BSE,2022-01-03,2026-09-28,1168,True
BSOFT,2022-01-03,2026-09-28,1168,True
CAMS,2022-01-03,2026-09-28,1167,True
CANBK,2022-01-03,2026-09-28,1168,True
CANFINHOME,2022-01-03,2026-09-28,1168,True
CANHLIFE,2025-10-17,2026-09-28,232,False
CAPLIPOINT,2022-01-03,2026-09-28,1168,True
CARBORUNIV,2022-01-03,2026-09-28,1168,True
CARTRADE,2022-01-03,2026-09-28,1167,True
CASTROLIND,2022-01-03,2026-09-28,1168,True
CCL,2022-01-03,2026-09-28,1168,True
CDSL,2022-01-03,2026-09-28,1168,True
CEATLTD,2022-01-03,2026-09-28,1168,True
CEMPRO,2022-01-03,2026-09-28,1168,True
CENTRALBK,2022-01-03,2026-09-28,1168,True
CESC,2025-06-16,2026-09-28,318,False
CGCL,2022-01-03,2026-09-28,1168,True
CGPOWER,2022-01-03,2026-09-28,1168,True
CHALET,2022-01-03,2026-09-28,1168,True
CHAMBLFERT,2022-01-03,2026-09-28,1168,True
CHENNPETRO,2022-01-03,2026-09-28,1168,True
CHOICEIN,2022-04-08,2026-09-28,1101,True
CHOLAFIN,2022-01-03,2026-09-28,1168,True
CHOLAHLDNG,2022-01-03,2026-09-28,1168,True
CIEINDIA,2022-01-03,2026-09-28,1167,True
CIPLA,2022-01-03,2026-09-28,1168,True
CLEAN,2022-01-03,2026-09-28,1167,True
COALINDIA,2022-01-03,2026-09-28,1168,True
COCHINSHIP,2022-01-03,2026-09-28,1168,True
COFORGE,2022-01-03,2026-09-28,1168,True
COHANCE,2022-01-03,2026-09-28,1167,True
COLPAL,2022-01-03,2026-09-28,1168,True
CONCOR,2022-01-03,2026-09-28,1168,True
CONCORDBIO,2023-08-18,2026-09-28,764,False
COROMANDEL,2022-01-03,2026-09-28,1168,True
CPPLUS,2025-08-05,2026-09-28,282,False
CRAFTSMAN,2022-01-03,2026-09-28,1167,True
CREDITACC,2022-01-03,2026-09-28,1168,True
CRISIL,2022-01-03,2026-09-28,1168,True
CROMPTON,2022-01-03,2026-09-28,1168,True
CUB,2022-01-03,2026-09-28,1168,True
CUMMINSIND,2022-01-03,2026-09-28,1168,True
CYIENT,2022-01-03,2026-09-28,1168,True
DABUR,2022-01-03,2026-09-28,1168,True
DALBHARAT,2022-01-03,2026-09-28,1168,True
DATAPATTNS,2022-01-03,2026-09-28,1167,True
DCMSHRIRAM,2022-01-03,2026-09-28,1168,True
DEEPAKFERT,2022-01-03,2026-09-28,1168,True
DEEPAKNTR,2022-01-03,2026-09-28,1168,True
DELHIVERY,2022-05-24,2026-09-28,1072,True
DEVYANI,2022-01-03,2026-09-28,1167,True
DIVISLAB,2022-01-03,2026-09-28,1168,True
DIXON,2022-01-03,2026-09-28,1168,True
DLF,2022-01-03,2026-09-28,1166,True
DMART,2022-01-03,2026-09-28,1168,True
DOMS,2023-12-20,2026-09-28,681,False
DRREDDY,2022-01-03,2026-09-28,1168,True
ECLERX,2022-01-03,2026-09-28,1168,True
EICHERMOT,2022-01-03,2026-09-28,1168,True
EIDPARRY,2022-01-03,2026-09-28,1168,True
EIHOTEL,2022-01-03,2026-09-28,1168,True
ELECON,2022-01-03,2026-09-28,1168,True
ELGIEQUIP,2022-01-03,2026-09-28,1168,True
EMAMILTD,2022-01-03,2026-09-28,1166,True
EMCURE,2024-07-10,2026-09-28,547,False
EMMVEE,2025-11-18,2026-09-28,212,False
ENDURANCE,2022-01-03,2026-09-28,1168,True
ENGINERSIN,2022-01-03,2026-09-28,1166,True
ENRIN,2025-06-19,2026-09-28,315,False
ERIS,2022-01-03,2026-09-28,1168,True
ESCORTS,2022-01-03,2026-09-28,1168,True
ETERNAL,2022-01-03,2026-09-28,1165,True
EXIDEIND,2022-01-03,2026-09-28,1168,True
FACT,2022-01-03,2026-09-28,1168,True
FEDERALBNK,2022-01-03,2026-09-28,1168,True
FINCABLES,2022-01-03,2026-09-28,1168,True
FIRSTCRY,2024-08-13,2026-09-28,525,False
FIVESTAR,2022-11-21,2026-09-28,949,False
FLUOROCHEM,2022-01-03,2026-09-28,1168,True
FORCEMOT,2022-01-03,2026-09-28,1094,True
FORTIS,2022-01-03,2026-09-28,1168,True
FSL,2022-01-03,2026-09-28,1168,True
GABRIEL,2022-01-03,2026-09-28,1168,True
GAIL,2022-01-03,2026-09-28,1168,True
GALLANTT,2022-01-03,2026-09-28,1168,True
GESHIP,2022-01-03,2026-09-28,1168,True
GICRE,2022-01-03,2026-09-28,1168,True
GILLETTE,2022-01-03,2026-09-28,1168,True
GLAND,2022-01-03,2026-09-28,1167,True
GLAXO,2022-01-03,2026-09-28,1168,True
GLENMARK,2022-01-03,2026-09-28,1168,True
GMDCLTD,2022-01-03,2026-09-28,1168,True
GMRAIRPORT,2022-01-03,2026-09-28,1167,True
GODFRYPHLP,2022-01-03,2026-09-28,1168,True
GODIGIT,2024-05-23,2026-09-28,581,False
GODREJCP,2022-01-03,2026-09-28,1168,True
GODREJIND,2022-01-03,2026-09-28,1168,True
GODREJPROP,2022-01-03,2026-09-28,1168,True
GPIL,2022-01-03,2026-09-28,1168,True
GRANULES,2022-01-03,2026-09-28,1168,True
GRAPHITE,2022-01-03,2026-09-28,1168,True
GRASIM,2022-01-03,2026-09-28,1168,True
GRAVITA,2022-01-03,2026-09-28,1168,True
GROWW,2025-11-12,2026-09-28,216,False
GRSE,2022-01-03,2026-09-28,1168,True
GVT&D,2022-01-03,2026-09-28,1164,True
HAL,2022-01-03,2026-09-28,1168,True
HAVELLS,2022-01-03,2026-09-28,1168,True
HBLENGINE,2022-01-03,2026-09-28,1167,True
HCLTECH,2022-01-03,2026-09-28,1168,True
HDBFS,2025-07-02,2026-09-28,306,False
HDFCAMC,2022-01-03,2026-09-28,1168,True
HDFCBANK,2022-01-03,2026-09-28,1168,True
HDFCLIFE,2022-01-03,2026-09-28,1168,True
HEG,2022-01-03,2026-09-24,1165,True
HEROMOTOCO,2022-01-03,2026-09-28,1168,True
HEXT,2025-06-16,2026-09-28,318,False
HFCL,2022-01-03,2026-09-28,1168,True
HINDALCO,2022-01-03,2026-09-28,1168,True
HINDCOPPER,2022-01-03,2026-09-28,1166,True
HINDPETRO,2022-01-03,2026-09-28,1168,True
HINDUNILVR,2022-01-03,2026-09-28,1168,True
HINDZINC,2022-01-03,2026-09-28,1168,True
HOMEFIRST,2022-01-03,2026-09-28,1167,True
HONASA,2023-11-07,2026-09-28,710,False
HONAUT,2022-01-03,2026-09-28,1168,True
HSCL,2022-01-03,2026-09-28,1168,True
HUDCO,2022-01-03,2026-09-28,1168,True
HYUNDAI,2024-10-22,2026-09-28,477,False
ICICIAMC,2025-12-19,2026-09-28,189,False
ICICIBANK,2022-01-03,2026-09-28,1168,True
ICICIGI,2022-01-03,2026-09-28,1168,True
ICICIPRULI,2022-01-03,2026-09-28,1168,True
IDBI,2022-01-03,2026-09-28,1168,True
IDEA,2022-01-03,2026-09-28,1168,True
IDFCFIRSTB,2022-01-03,2026-09-28,1166,True
IEX,2022-01-03,2026-09-28,1168,True
IFCI,2022-01-03,2026-09-28,1168,True
IGIL,2024-12-30,2026-09-28,430,False
IGL,2022-01-03,2026-09-28,1167,True
IIFL,2022-01-03,2026-09-28,1168,True
IKS,2024-12-19,2026-09-28,437,False
INDGN,2024-05-13,2026-09-28,588,False
INDHOTEL,2022-01-03,2026-09-28,1168,True
INDIACEM,2022-01-03,2026-09-28,1168,True
INDIAMART,2022-01-03,2026-09-28,1167,True
INDIANB,2022-01-03,2026-09-28,1168,True
INDIGO,2022-01-03,2026-09-28,1168,True
INDUSINDBK,2022-01-03,2026-09-28,1168,True
INDUSTOWER,2022-01-03,2026-09-28,1167,True
INFY,2022-01-03,2026-09-28,1168,True
INOXWIND,2022-01-03,2026-09-28,1168,True
INTELLECT,2022-01-03,2026-09-28,1168,True
IOB,2022-01-03,2026-09-28,1168,True
IOC,2022-01-03,2026-09-28,1168,True
IPCALAB,2022-01-03,2026-09-28,1168,True
IRB,2022-01-03,2026-09-28,1168,True
IRCON,2022-01-03,2026-09-28,1168,True
IRCTC,2022-01-03,2026-09-28,1168,True
IREDA,2023-11-29,2026-09-28,696,False
IRFC,2022-01-03,2026-09-28,1167,True
ITC,2022-01-03,2026-09-28,1168,True
ITCHOTELS,2025-06-16,2026-09-28,318,False
ITI,2022-01-03,2026-09-28,1168,True
J&KBANK,2022-01-03,2026-09-28,1166,True
JAINREC,2025-10-06,2026-09-28,241,False
JBCHEPHARM,2022-01-03,2025-06-13,850,False
JBMA,2022-01-03,2026-09-28,1168,True
JINDALSAW,2022-01-03,2026-09-28,1168,True
JINDALSTEL,2022-01-03,2026-09-28,1168,True
JIOFIN,2023-08-21,2026-09-28,763,False
JKCEMENT,2022-01-03,2026-09-28,1168,True
JKTYRE,2022-01-03,2026-09-28,1168,True
JMFINANCIL,2022-01-03,2026-09-28,1168,True
JPPOWER,2022-01-03,2026-09-28,1168,True
JSL,2022-01-03,2026-09-28,1168,True
JSWCEMENT,2025-08-14,2026-09-28,275,False
JSWDULUX,2022-01-03,2026-09-28,1168,True
JSWENERGY,2022-01-03,2026-09-28,1168,True
JSWINFRA,2023-10-03,2026-09-28,734,False
JSWSTEEL,2022-01-03,2026-09-28,1166,True
JUBLFOOD,2022-01-03,2026-09-28,1168,True
JUBLINGREA,2022-01-03,2026-09-28,1167,True
JUBLPHARMA,2022-01-03,2026-09-28,1167,True
JWL,2022-01-03,2026-09-28,1167,True
JYOTICNC,2024-01-16,2026-09-28,664,False
KAJARIACER,2022-01-03,2026-09-28,1168,True
KALYANKJIL,2022-01-03,2026-09-28,1167,True
KARURVYSYA,2022-01-03,2026-09-28,1168,True
KAYNES,2022-11-22,2026-09-28,948,False
KEC,2022-01-03,2026-09-28,1168,True
KEI,2022-01-03,2026-09-28,1168,True
KFINTECH,2022-12-29,2026-09-28,921,False
KIMS,2022-01-03,2026-09-28,1167,True
KIRLOSENG,2022-01-03,2026-09-28,1168,True
KOTAKBANK,2022-01-03,2026-09-28,1168,True
KPIL,2022-01-03,2026-09-28,1167,True
KPITTECH,2022-01-03,2026-09-28,1168,True
KPRMILL,2022-01-03,2026-09-28,1168,True
LALPATHLAB,2022-01-03,2026-09-28,1168,True
LATENTVIEW,2022-01-03,2026-09-28,1167,True
LAURUSLABS,2022-01-03,2026-09-28,1168,True
LEMONTREE,2022-01-03,2026-09-28,1168,True
LENSKART,2025-11-10,2026-09-28,218,False
LGEINDIA,2025-10-14,2026-09-28,235,False
LICHSGFIN,2022-01-03,2026-09-28,1168,True
LICI,2022-05-17,2026-09-28,1077,True
LINDEINDIA,2022-01-03,2026-09-28,1168,True
LLOYDSME,2023-07-17,2026-09-28,787,False
LODHA,2022-01-03,2026-09-28,1167,True
LT,2022-01-03,2026-09-28,1168,True
LTF,2022-01-03,2026-09-28,1168,True
LTFOODS,2022-01-03,2026-09-28,1167,True
LTM,2022-01-03,2026-09-28,1165,True
LTTS,2022-01-03,2026-09-28,1168,True
LUPIN,2022-01-03,2026-09-28,1168,True
M&M,2022-01-03,2026-09-28,1167,True
M&MFIN,2022-01-03,2026-09-28,1167,True
MAHABANK,2022-01-03,2026-09-28,1168,True
MANAPPURAM,2022-01-03,2026-09-28,1168,True
MANKIND,2023-05-09,2026-09-28,835,False
MAPMYINDIA,2022-01-03,2026-09-28,1167,True
MARICO,2022-01-03,2026-09-28,1168,True
MARUTI,2022-01-03,2026-09-28,1168,True
MAXHEALTH,2022-01-03,2026-09-28,1168,True
MAZDOCK,2022-01-03,2026-09-28,1167,True
MCX,2022-01-03,2026-09-28,1168,True
MEDANTA,2022-11-18,2026-09-28,950,False
MEESHO,2025-12-10,2026-09-28,196,False
MFSL,2022-01-03,2026-09-28,1168,True
MGL,2022-01-03,2026-09-28,1168,True
MINDACORP,2022-01-03,2026-09-28,1168,True
MMTC,2022-01-03,2026-09-28,1168,True
MOTHERSON,2022-01-03,2026-09-28,1167,True
MOTILALOFS,2022-01-03,2026-09-28,1168,True
MPHASIS,2022-01-03,2026-09-28,1168,True
MRF,2022-01-03,2026-09-28,1168,True
MRPL,2022-01-03,2026-09-28,1168,True
MSUMI,2022-03-28,2026-09-28,1110,True
MUTHOOTFIN,2022-01-03,2026-09-28,1168,True
NAM-INDIA,2022-01-03,2026-09-28,1167,True
NATCOPHARM,2022-01-03,2026-09-28,1168,True
NATIONALUM,2022-01-03,2026-09-28,1168,True
NAUKRI,2022-01-03,2026-09-28,1168,True
NAVA,2022-01-03,2026-09-28,1167,True
NAVINFLUOR,2022-01-03,2026-09-28,1168,True
NBCC,2022-01-03,2026-09-28,1168,True
NCC,2022-01-03,2026-09-28,1168,True
NESTLEIND,2022-01-03,2026-09-28,1168,True
NETWEB,2023-07-27,2026-09-28,779,False
NEULANDLAB,2022-01-03,2026-09-28,1168,True
NEWGEN,2022-01-03,2026-09-28,1168,True
NH,2022-01-03,2026-09-28,1168,True
NHPC,2022-01-03,2026-09-28,1168,True
NIACL,2022-01-03,2026-09-28,1168,True
NIVABUPA,2024-11-14,2026-09-28,460,False
NLCINDIA,2022-01-03,2026-09-28,1168,True
NMDC,2022-01-03,2026-09-28,1168,True
NSLNISP,2023-02-20,2026-09-28,885,False
NTPC,2022-01-03,2026-09-28,1168,True
NTPCGREEN,2024-11-27,2026-09-28,453,False
NUVAMA,2023-09-26,2026-09-28,738,False
NUVOCO,2022-01-03,2026-09-28,1167,True
NYKAA,2022-01-03,2026-09-28,1167,True
OBEROIRLTY,2022-01-03,2026-09-28,1168,True
OFSS,2022-01-03,2026-09-28,1168,True
OIL,2022-01-03,2026-09-28,1168,True
OLAELEC,2024-08-09,2026-09-28,527,False
OLECTRA,2022-01-03,2026-09-28,1168,True
ONESOURCE,2025-06-16,2026-09-28,318,False
ONGC,2022-01-03,2026-09-28,1168,True
PAGEIND,2022-01-03,2026-09-28,1168,True
PARADEEP,2022-05-27,2026-09-28,1069,True
PATANJALI,2022-01-03,2026-09-28,1167,True
PAYTM,2022-01-03,2026-09-28,1167,True
PCBL,2022-01-03,2026-09-28,1167,True
PERSISTENT,2022-01-03,2026-09-28,1168,True
PETRONET,2022-01-03,2026-09-28,1168,True
PFC,2022-01-03,2026-09-28,1168,True
PFIZER,2022-01-03,2026-09-28,1168,True
PGEL,2022-01-03,2026-09-28,1168,True
PHOENIXLTD,2022-01-03,2026-09-28,1168,True
PIDILITIND,2022-01-03,2026-09-28,1168,True
PIIND,2022-01-03,2026-09-28,1168,True
PINELABS,2025-11-14,2026-09-28,214,False
PIRAMALFIN,2025-11-07,2026-09-28,219,False
PNB,2022-01-03,2026-09-28,1168,True
PNBHOUSING,2022-01-03,2026-09-28,1168,True
POLICYBZR,2022-01-03,2026-09-28,1167,True
POLYCAB,2022-01-03,2026-09-28,1166,True
POLYMED,2022-01-03,2026-09-28,1168,True
POONAWALLA,2022-01-03,2026-09-28,1167,True
POWERGRID,2022-01-03,2026-09-28,1168,True
POWERINDIA,2022-01-03,2026-09-28,1168,True
PPLPHARMA,2022-10-19,2026-09-28,970,False
PREMIERENE,2024-09-03,2026-09-28,511,False
PRESTIGE,2022-01-03,2026-09-28,1168,True
PTCIL,2023-06-09,2026-09-28,812,False
PVRINOX,2022-01-03,2026-09-28,1166,True
PWL,2025-11-18,2026-09-28,212,False
RADICO,2022-01-03,2026-09-28,1168,True
RAILTEL,2022-01-03,2026-09-28,1167,True
RAINBOW,2022-05-10,2026-09-28,1082,True
RAMCOCEM,2022-01-03,2026-09-28,1168,True
RBLBANK,2022-01-03,2026-09-28,1168,True
RECLTD,2022-01-03,2026-09-28,1168,True
REDINGTON,2022-01-03,2026-09-28,1168,True
RELIANCE,2022-01-03,2026-09-28,1168,True
RHIM,2022-01-03,2026-09-28,1167,True
RITES,2022-01-03,2026-09-28,1168,True
RKFORGE,2022-01-03,2026-09-28,1168,True
RPOWER,2022-01-03,2026-09-28,1168,True
RRKABEL,2023-09-20,2026-09-28,740,False
RVNL,2022-01-03,2026-09-28,1168,True
SAGILITY,2024-11-12,2026-09-28,462,False
SAIL,2022-01-03,2026-09-28,1168,True
SAILIFE,2024-12-18,2026-09-28,438,False
SAMMAANCAP,2022-01-03,2026-09-28,1168,True
SAPPHIRE,2022-01-03,2026-09-28,1167,True
SARDAEN,2022-01-03,2026-09-28,1168,True
SAREGAMA,2022-01-03,2026-09-28,1168,True
SBFC,2023-08-16,2026-09-28,765,False
SBICARD,2022-01-03,2026-09-28,1168,True
SBILIFE,2022-01-03,2026-09-28,1168,True
SBIN,2022-01-03,2026-09-28,1168,True
SCHAEFFLER,2022-01-03,2026-09-28,1168,True
SCHNEIDER,2022-01-03,2026-09-28,1168,True
SCI,2022-01-03,2026-09-28,1168,True
SHREECEM,2022-01-03,2026-09-28,1168,True
SHRIRAMFIN,2022-01-03,2026-09-28,1167,True
SHYAMMETL,2022-01-03,2026-09-28,1167,True
SIEMENS,2022-01-03,2026-09-28,1168,True
SIGNATURE,2023-09-27,2026-09-28,737,False
SJVN,2022-01-03,2026-09-28,1168,True
SOBHA,2022-01-03,2026-09-28,1168,True
SOLARINDS,2022-01-03,2026-09-28,1168,True
SONACOMS,2022-01-03,2026-09-28,1166,True
SONATSOFTW,2022-01-03,2026-09-28,1168,True
SPLPETRO,2022-01-03,2026-09-28,1137,True
SRF,2022-01-03,2026-09-28,1168,True
STARHEALTH,2022-01-03,2026-09-28,1167,True
SUMICHEM,2022-01-03,2026-09-28,1168,True
SUNDARMFIN,2022-01-03,2026-09-28,1168,True
SUNPHARMA,2022-01-03,2026-09-28,1168,True
SUNTV,2022-01-03,2026-09-28,1168,True
SUPREMEIND,2022-01-03,2026-09-28,1168,True
SUZLON,2022-01-03,2026-09-28,1168,True
SWANCORP,2022-01-03,2026-09-28,1168,True
SWIGGY,2024-11-13,2026-09-28,461,False
SYNGENE,2022-01-03,2026-09-28,1168,True
SYRMA,2022-08-26,2026-09-28,1006,False
TARIL,2022-01-03,2026-09-28,1168,True
TATACAP,2025-10-13,2026-09-28,236,False
TATACHEM,2022-01-03,2026-09-28,1168,True
TATACOMM,2022-01-03,2026-09-28,1168,True
TATACONSUM,2022-01-03,2026-09-28,1168,True
TATAELXSI,2022-01-03,2026-09-28,1168,True
TATAINVEST,2022-01-03,2026-09-28,1168,True
TATAPOWER,2022-01-03,2026-09-28,1168,True
TATASTEEL,2022-01-03,2026-09-28,1168,True
TATATECH,2023-11-30,2026-09-28,695,False
TBOTEK,2024-05-15,2026-09-28,586,False
TCS,2022-01-03,2026-09-28,1168,True
TECHM,2022-01-03,2026-09-28,1168,True
TECHNOE,2022-01-03,2026-09-28,1168,True
TEGA,2022-01-03,2026-09-28,1167,True
TEJASNET,2022-01-03,2026-09-28,1168,True
TENNIND,2025-11-19,2026-09-28,211,False
THELEELA,2025-06-16,2026-09-28,318,False
THERMAX,2022-01-03,2026-09-28,1168,True
TIINDIA,2022-01-03,2026-09-28,1168,True
TIMKEN,2022-01-03,2026-09-28,1168,True
TITAGARH,2022-01-03,2026-09-28,1167,True
TITAN,2022-01-03,2026-09-28,1168,True
TMCV,2025-11-12,2026-09-28,216,False
TMPV,2022-01-03,2026-09-28,1168,True
TORNTPHARM,2022-01-03,2026-09-28,1168,True
TORNTPOWER,2022-01-03,2026-09-28,1168,True
TRAVELFOOD,2025-07-14,2026-09-28,298,False
TRENT,2022-01-03,2026-09-28,1168,True
TRIDENT,2022-01-03,2026-09-28,1168,True
TRITURBINE,2022-01-03,2026-09-28,1168,True
TTML,2022-01-03,2026-09-28,1168,True
TVSMOTOR,2022-01-03,2026-09-28,1168,True
UBL,2022-01-03,2026-09-28,1166,True
UCOBANK,2022-01-03,2026-09-28,1168,True
ULTRACEMCO,2022-01-03,2026-09-28,1168,True
UNIONBANK,2022-01-03,2026-09-28,1168,True
UNITDSPR,2022-01-03,2026-09-28,1166,True
UNOMINDA,2022-01-03,2026-09-28,1167,True
UPL,2022-01-03,2026-09-28,1168,True
URBANCO,2025-09-17,2026-09-28,253,False
USHAMART,2022-01-03,2026-09-28,1168,True
UTIAMC,2022-01-03,2026-09-28,1167,True
VAML,2026-06-15,2026-09-28,73,False
VBL,2022-01-03,2026-09-28,1168,True
VEDL,2022-01-03,2026-09-28,1168,True
VEDPOWER,2026-06-15,2026-09-28,73,False
VIJAYA,2022-01-03,2026-09-28,1165,True
VISL,2026-06-15,2026-09-28,73,False
VMM,2024-12-18,2026-09-28,438,False
VOGL,2026-06-15,2026-09-28,73,False
VOLTAS,2022-01-03,2026-09-28,1168,True
VTL,2022-01-03,2026-09-28,1168,True
WAAREEENER,2024-10-28,2026-09-28,473,False
WELCORP,2022-01-03,2026-09-28,1168,True
WELSPUNLIV,2022-01-03,2026-09-28,1167,True
WHIRLPOOL,2022-01-03,2026-09-28,1168,True
WIPRO,2022-01-03,2026-09-28,1168,True
WOCKPHARMA,2022-01-03,2026-09-28,1168,True
YESBANK,2022-01-03,2026-09-28,1168,True
ZEEL,2022-01-03,2026-09-28,1168,True
ZENSARTECH,2022-01-03,2026-09-28,1168,True
ZENTEC,2022-01-03,2026-09-28,1168,True
ZFCVINDIA,2022-01-03,2026-09-28,1167,True
ZYDUSLIFE,2022-01-03,2026-09-28,1165,True
ZYDUSWELL,2022-01-03,2026-09-28,1168,True
